Бізнес - підрозділи,,Засновник,Директор,Адміністративний,Фінансний,Продуктовий менеджер,Маркетингу,Продаж,Підтримки,АйТі,Розробки,Рекрутинг та кадри,Партнери,Інші,Інвестор,,,
Business Units (Business Deparments),,Founder,CEO,Corp,Finance,Product Manager,Marketing,Sales,Support,IT,Development,HR,Partner ship,Other,Owner,,,
Senior Account Executive,4,,,,,,,4,,,,,,,,,Legend:,Level
Recruiting Specialist,4,,,,,,,,,,,4,,,,,"Founder, Owner, co-Founder, Board Member",1
Board Member ,1,1,,,,,,,,,,,,,,,"CEO, CxO, VP ...",2
Prospect/ Email List Builder,5,,,,,,,5,,,,,,,,,"Product/Project/Program *** Manager, Head of ..., Managing Director, Chief of ..",3
Software Engineer,5,,,,,,,,,,5,,,,,,"Team Lead ..., Senior ... Specialist",4
CEO,2,,2,,,,,,,,,,,,,,,
Recruiting Specialist,4,,,,,,,,,,,4,,,,,,
Vice President Sales,2,,,,,,,2,,,,,,,,,,
Board Observer,1,1,,,,,,,,,,,,,,,,
Co-Founder,1,1,,,,,,,,,,,,,,,,
CTO,2,,2,,,,,,,,,,,,,,,
Sales Development Representative,5,,,,,,,5,,,,,,,,,,
Head of Business,3,,,,3,,,,,,,,,,,,,
Data Scientist,5,,,,,,,,,,5,,,,,,,
VP of Engineering,2,,,,,,,,,2,,,,,,,,
Director of Data Engineering,3,,,,,,,,,,3,,,,,,,
Sales Development Representative ,5,,,,,,,5,,,,,,,,,,
"Chief of Staff, Engineering",3,,,,,,,,,3,,,,,,,,
Director of Brand Experience ,1,1,,,,,,,,,,,,,,,,
Senior Account Executive,4,,,,,,,4,,,,,,,,,,
Owner,1,,,,,,,,,,,,,,1,,,
Senior Marketing Manage,4,,,,,,4,,,,,,,,,,,
Director Of Communications,3,,,,,,3,,,,,,,,,,,
Senior Software Developer,4,,,,,,,,,4,,,,,,,,
Senior Account Executive,4,,,,,,,4,,,,,,,,,,
Customer Success Engineer,5,,,,,,,,,5,,,,,,,,
Senior Software Engineer,4,,,,,,,,,4,,,,,,,,
Sales Operations Manager,5,,,,,,,5,,,,,,,,,,
Senior UX Designer,4,,,,,,4,,,,,,,,,,,
NLP Engineer,5,,,,,,,,,,5,,,,,,,
Product Manager,3,,,,,3,,,,,,,,,,,,
Operations Manager,4,,,,,,4,,,,,,,,,,,
Recruiting,4,,,,,,,,,,,4,,,,,,
Recruiting,4,,,,,,,,,,,4,,,,,,
Recruiting,4,,,,,,,,,,,4,,,,,,
Recruiting,4,,,,,,,,,,,4,,,,,,
Recruiting,4,,,,,,,,,,,4,,,,,,
Recruiting,4,,,,,,,,,,,4,,,,,,
Recruiting,4,,,,,,,,,,,4,,,,,,
Recruiting,4,,,,,,,,,,,4,,,,,,
Recruiting,4,,,,,,,,,,,4,,,,,,
Recruiting,4,,,,,,,,,,,4,,,,,,
Recruiting,4,,,,,,,,,,,4,,,,,,
Frontend Software Engineer,5,,,,,,,,,,5,,,,,,,
Data Scientist ,5,,,,,,,,,,5,,,,,,,
Senior Support Engineer,4,,,,,,,,4,,,,,,,,,
Support Engineer,4,,,,,,,,4,,,,,,,,,
Support Engineer,4,,,,,,,,4,,,,,,,,,
Support Engineer,4,,,,,,,,4,,,,,,,,,
Support Engineer,4,,,,,,,,4,,,,,,,,,
Executive Assistant,5,,,,,,5,,,,,,,,,,,
Account Manager,3,,,,,,,3,,,,,,,,,,
Growth Manager,3,,,3,,,,,,,,,,,,,,
Senior Server Engineer,4,,,,,,,,,,4,,,,,,,
DevOps Engineer,4,,,,,,,,,4,,,,,,,,
iOS Consultant,5,,,,,,5,,,,,,,,,,,
Android Engineer,5,,,,,,,,,,5,,,,,,,
Engineer,5,,,,,,,,,5,,,,,,,,
Co-founder,1,1,,,,,,,,,,,,,,,,
CEO,2,,2,,,,,,,,,,,,,,,
VP Marketing,2,,,,,,2,,,,,,,,,,,
Advisor,3,,,3,,,,,,,,,,,,,,
Senior Software Engineer,4,,,,,,,,,,4,,,,,,,
Marketing and Operations Manager,3,,,,,,3,,,,,,,,,,,
VP Of Engineering,2,,,,,,,,,2,,,,,,,,
Super Duper Software Engineer,5,,,,,,,,,,5,,,,,,,
Android Engineer,5,,,,,,,,,,5,,,,,,,
Senior Software Developer ,4,,,,,,,,,,4,,,,,,,
Senior Technical Recruiter,4,,,,,,,,,,,4,,,,,,
Software Engineer,5,,,,,,,,,,5,,,,,,,
Product Designer,3,,,,,,3,,,,,,,,,,,
Director of Business Development,3,,,,,,,3,,,,,,,,,,
Manager Operations,3,,,3,,,,,,,,,,,,,,
Manager Business Development,3,,,,,,,3,,,,,,,,,,
Manager,3,,,3,,,,,,,,,,,,,,
Sales Manager,3,,,,,,,3,,,,,,,,,,
Commercial Director,3,,,3,,,,,,,,,,,,,,
MD/President,2,,2,,,,,,,,,,,,,,,
Account Manager,3,,,,,,,3,,,,,,,,,,
Owner,1,,,,,,,,,,,,,,1,,,
Graphic Designer,5,,,,,,5,,,,,,,,,,,
VP Marketing,2,,,,,,2,,,,,,,,,,,
Sourcing Manager,4,,,4,,,,,,,,,,,,,,
Finance Director,3,,,,3,,,,,,,,,,,,,
Director of Sales,3,,,,,,,3,,,,,,,,,,
EVP of Marketing,2,,,,,,2,,,,,,,,,,,
Graphic Designer,5,,,,,,5,,,,,,,,,,,
Project Manager,3,,,,,3,,,,,,,,,,,,
Project Manager,3,,,,,3,,,,,,,,,,,,
Project Manager,3,,,,,3,,,,,,,,,,,,
Project Manager,3,,,,,3,,,,,,,,,,,,
Project Manager,3,,,,,3,,,,,,,,,,,,
Project Manager,3,,,,,3,,,,,,,,,,,,
Project Manager,3,,,,,3,,,,,,,,,,,,
Project Manager,3,,,,,3,,,,,,,,,,,,
Project Manager,3,,,,,3,,,,,,,,,,,,
Project Manager,3,,,,,3,,,,,,,,,,,,
Project Manager,3,,,,,3,,,,,,,,,,,,
Project Manager,3,,,,,3,,,,,,,,,,,,
Project Manager,3,,,,,3,,,,,,,,,,,,
Project Manager,3,,,,,3,,,,,,,,,,,,
Project Manager,3,,,,,3,,,,,,,,,,,,
Project Manager,3,,,,,3,,,,,,,,,,,,
Project Manager,3,,,,,3,,,,,,,,,,,,
Project Manager,3,,,,,3,,,,,,,,,,,,
Project Manager,3,,,,,3,,,,,,,,,,,,
Project Manager,3,,,,,3,,,,,,,,,,,,
Project Manager,3,,,,,3,,,,,,,,,,,,
Project Manager,3,,,,,3,,,,,,,,,,,,
Project Manager,3,,,,,3,,,,,,,,,,,,
Project Manager,3,,,,,3,,,,,,,,,,,,
Project,5,,,,,5,,,,,,,,,,,,
Project,5,,,,,5,,,,,,,,,,,,
After Sales Manager,4,,,,,,,4,,,,,,,,,,
Project Cost Engineer,4,,,,4,,,,,,,,,,,,,
Contracts Manager,3,,,,,,,3,,,,,,,,,,
Expert Designer,5,,,,,,5,,,,,,,,,,,
Bsc Process Engineer,5,,,,,,,,,5,,,,,,,,
Senior Mechanical Engineer,4,,,,,,,,,,4,,,,,,,
Traffic Manager,3,,,,,,,3,,,,,,,,,,
Chief Executive Officer,2,,2,,,,,,,,,,,,,,,
Lead Structural Engineer,4,,,,,,,,,,4,,,,,,,
Sales Manager,3,,,,,,,3,,,,,,,,,,
Marine Systems Engineer,5,,,,,,,,,,5,,,,,,,
Senior Piping Designer,4,,,,,,4,,,,,,,,,,,
Graphic Artist,5,,,,,,5,,,,,,,,,,,
Senior Project Buyer,4,,,4,,,,,,,,,,,,,,
Division Vice President,2,,2,,,,,,,,,,,,,,,
Co-Founder,1,1,,,,,,,,,,,,,,,,
Cofounder,1,1,,,,,,,,,,,,,,,,
Director of Sales,3,,,,,,,3,,,,,,,,,,
Chief Executive Officer,2,,2,,,,,,,,,,,,,,,
Founder,1,1,,,,,,,,,,,,,,,,
Director of Engineering,3,,,,,,,,,,3,,,,,,,
DevOps,5,,,,,,,,,5,,,,,,,,
JavaScript Developer,5,,,,,,,,,,5,,,,,,,
Founder,1,1,,,,,,,,,,,,,,,,
General Partner,1,,,,,,,,,,,,1,,,,,
partner,3,,,,,,,,,,,,3,,,,,
partner,3,,,,,,,,,,,,3,,,,,
partner,3,,,,,,,,,,,,3,,,,,
partner,3,,,,,,,,,,,,3,,,,,
partner,3,,,,,,,,,,,,3,,,,,
partner,3,,,,,,,,,,,,3,,,,,
SR. Account Executive,5,,,,,,,5,,,,,,,,,,
Business Development Representative,5,,,,,,,5,,,,,,,,,,
"EVP, Sales & Success",2,,,,,,,2,,,,,,,,,,
VP of Marketing,2,,,,,,2,,,,,,,,,,,
Board Member,1,1,,,,,,,,,,,,,,,,
Founder,1,1,,,,,,,,,,,,,,,,
Managing Partner,2,,,,,,,,,,,,2,,,,,
Content Marketing Manager,3,,,,,,3,,,,,,,,,,,
Business Development Representative,5,,,,,,,5,,,,,,,,,,
Product Manager,3,,,,,3,,,,,,,,,,,,
Chief Creative Officer,2,,2,,,,,,,,,,,,,,,
Customer Success Manager,5,,,,,,,,5,,,,,,,,,
Senior Software Engineer,4,,,,,,,,,,4,,,,,,,
Junior Software Engineer,5,,,,,,,,,,5,,,,,,,
Marketing Consultant,5,,,,,,5,,,,,,,,,,,
Director of Customer Success,3,,,,,,,,3,,,,,,,,,
Business Development Representative,5,,,,,,,5,,,,,,,,,,
Product Designer / Paper Sculpture Artist,3,,,,,,3,,,,,,,,,,,
Head of DevOps,3,,,,,,,,,3,,,,,,,,
"Director, Customer Success",3,,,,,,,,3,,,,,,,,,
Founder,1,1,,,,,,,,,,,,,,,,
CEO,2,,2,,,,,,,,,,,,,,,
Co-Founder,1,1,,,,,,,,,,,,,,,,
Sales,5,,,,,,,5,,,,,,,,,,
Founding Team,1,1,,,,,,,,,,,,,,,,
Founder,1,1,,,,,,,,,,,,,,,,
Front End Developer (Client),5,,,,,,,,,,5,,,,,,,
Sales Support Representative,5,,,,,,,5,,,,,,,,,,
"Product Design (ux, ui)",3,,,,,,3,,,,,,,,,,,
Design Consultant (ux strategy),3,,,,,,3,,,,,,,,,,,
Founding Team Member,1,1,,,,,,,,,,,,,,,,
Co-Founder,1,1,,,,,,,,,,,,,,,,
Founder,1,1,,,,,,,,,,,,,,,,
CEO,2,,2,,,,,,,,,,,,,,,
Account manager,3,,,,,,,3,,,,,,,,,,
Finance Consultant,5,,,,5,,,,,,,,,,,,,
Accounts Receivable Manager,3,,,,,,,3,,,,,,,,,,
IT,3,,,,,,,,,3,,,,,,,,
Corporate Accountmanager,3,,,,,,,3,,,,,,,,,,
Senior Consultant,4,,,,,,4,,,,,,,,,,,
Owner,1,,,,,,,,,,,,,,1,,,
Head of Fundraising,3,,,,3,,,,,,,,,,,,,
Manager,3,,,,,,3,,,,,,,,,,,
Co-founder,1,1,,,,,,,,,,,,,,,,
Investor,1,,,,,,,,,,,,,,1,,,
Head Of Marketing,3,,,,,,3,,,,,,,,,,,
Co-Founder,1,1,,,,,,,,,,,,,,,,
Head of Sales,3,,,,,,,3,,,,,,,,,,
Customer Success Manager,3,,,,,,,,3,,,,,,,,,
Junior Software Engineer,5,,,,,,,,,,5,,,,,,,
Product Engineer,5,,,,,,,,,,5,,,,,,,
Business Development Manager,3,,,,3,,,,,,,,,,,,,
Software Development Engineer,5,,,,,,,,,5,,,,,,,,
Managing Director,3,,,3,,,,,,,,,,,,,,
CEO,2,,2,,,,,,,,,,,,,,,
Board Member,1,1,,,,,,,,,,,,,,,,
Manager,3,,,,,,,,,,,,,3,,,,
Full Stack Engineer,3,,,,,,,,,3,,,,,,,,
Marketing,5,,,,,,5,,,,,,,,,,,
PR,5,,,,,,5,,,,,,,,,,,
CEO,2,,2,,,,,,,,,,,,,,,
Account Manager,5,,,,,,,5,,,,,,,,,,
Advisor,3,,,3,,,,,,,,,,,,,,
Owner,1,,,,,,,,,,,,,,1,,,
Software Engineer,5,,,,,,,,,,5,,,,,,,
Backend Engineer,5,,,,,,,,,5,,,,,,,,
Product Marketing Intern,3,,,,,,3,,,,,,,,,,,
Founder,1,1,,,,,,,,,,,,,,,,
CEO,2,,2,,,,,,,,,,,,,,,
Founder,1,1,,,,,,,,,,,,,,,,
CTO,2,,2,,,,,,,,,,,,,,,
Head of Customer Success,3,,,,,,,,3,,,,,,,,,
Software Engineer,5,,,,,,,,,,5,,,,,,,
Content Marketing Lead,4,,,,,,4,,,,,,,,,,,
MBA Marketing Intern,4,,,,,,,,,4,,,,,,,,
General Counsel,5,,,,,,,,,,,,,5,,,,
Corporate Attorney,5,,,5,,,,,,,,,,,,,,
Client Service Manager,3,,,,,,,,3,,,,,,,,,
Software Engineer,5,,,,,,,,,,5,,,,,,,
Platform Software Developer,5,,,,,,,,,,5,,,,,,,
"Senior Software Engineer, Team Lead",4,,,,,,,,,,4,,,,,,,
Software Engineer,3,,,,,,,,,,3,,,,,,,
Head of Business Intelligence,3,,,,3,,,,,,,,,,,,,
Software Engineer,3,,,,,,,,,,3,,,,,,,
Software Developer,5,,,,,,,,,,5,,,,,,,
Head of Product,3,,,,,3,,,,,,,,,,,,
User Experience,5,,,,,,,,5,,,,,,,,,
Software Engineer,3,,,,,,,,,,3,,,,,,,
Systems Engineer and ISMC member,3,,,,,,,,,3,,,,,,,,
Content Developer,5,,,,,,,,,,5,,,,,,,
Senior Software Engineer,4,,,,,,,,,,4,,,,,,,
Lead Designer,4,,,,,,4,,,,,,,,,,,
Software Engineering Intern,5,,,,,,,,,,5,,,,,,,
CTO,2,,2,,,,,,,,,,,,,,,
Lead Engineer,4,,,,,,,,,4,,,,,,,,
Senior Sales Executive,4,,,,,,,4,,,,,,,,,,
Lead Generation Associate,4,,,4,,,,,,,,,,,,,,
Senior Developer,4,,,,,,,,,,4,,,,,,,
Co-Founder,1,1,,,,,,,,,,,,,,,,
Independent Consultant,5,,,,,,,,,,,,,5,,,,
Independent Consultant,5,,,,,,,,,,,,,5,,,,
Independent Consultant,5,,,,,,,,,,,,,5,,,,
Independent Consultant,5,,,,,,,,,,,,,5,,,,
Business Development,5,,,,,,,5,,,,,,,,,,
Co-Founder,1,1,,,,,,,,,,,,,,,,
Product,3,,,,,3,,,,,,,,,,,,
Co-founder,1,1,,,,,,,,,,,,,,,,
Engineering,3,,,,,,,,,3,,,,,,,,
Business Development,5,,,,,,,5,,,,,,,,,,
Customer Success,5,,,,,,,,5,,,,,,,,,
Senior UX Engineer,4,,,,,,,,,4,,,,,,,,
Head of UX Development,3,,,,,,,,,,3,,,,,,,
Engineering,3,,,,,,,,,3,,,,,,,,
Senior Software Engineer,4,,,,,,,,,,4,,,,,,,
Software Engineer,3,,,,,,,,,,3,,,,,,,
Consultant,5,,,,,,,,,,,,,5,,,,
Product,5,,,,,5,,,,,,,,,,,,
Marketing,5,,,,,,5,,,,,,,,,,,
Director of Sales,3,,,,,,,3,,,,,,,,,,
CEO,2,,2,,,,,,,,,,,,,,,
Co-Founder,1,1,,,,,,,,,,,,,,,,
Intern,5,,,,,,,,,,,,,5,,,,
Intern,5,,,,,,,,,,,,,5,,,,
Intern,5,,,,,,,,,,,,,5,,,,
Director Of Sales,3,,,,,,,3,,,,,,,,,,
Business Development,5,,,,,,,,,,5,,,,,,,
Co-founder,1,1,,,,,,,,,,,,,,,,
COO,2,,2,,,,,,,,,,,,,,,
Software Engineer,3,,,,,,,,,,3,,,,,,,
Customer Success Manager,3,,,,,,,,3,,,,,,,,,
Director of New Business and Accounts,3,,,3,,,,,,,,,,,,,,
Director Of User Experience,3,,,,,,,,3,,,,,,,,,
Founder,1,1,,,,,,,,,,,,,,,,
CEO,2,,2,,,,,,,,,,,,,,,
Graphic Designer,5,,,,,,5,,,,,,,,,,,
Sales Manager,3,,,,,,,3,,,,,,,,,,
Marketing Manager,3,,,,,,3,,,,,,,,,,,
Senior Designer,4,,,,,,4,,,,,,,,,,,
Freelance Designer,5,,,,,,5,,,,,,,,,,,
Client Services Manager,3,,,,,,,,3,,,,,,,,,
Design Director,3,,,,,,3,,,,,,,,,,,
Creative Director,3,,,3,,,,,,,,,,,,,,
"Sales Executive, Enterprise Accounts",5,,,,,,,5,,,,,,,,,,
Director of Inside Sales,3,,,,,,,3,,,,,,,,,,
VP of Operations,2,,,2,,,,,,,,,,,,,,
"Director, Customer Success",3,,,,,,,,3,,,,,,,,,
DevOps Engineer,3,,,,,,,,,3,,,,,,,,
Member of the Advisory Board,1,1,,,,,,,,,,,,,,,,
Board Member,1,1,,,,,,,,,,,,,,,,
Board Member,1,1,,,,,,,,,,,,,,,,
Strategic Advisor,3,,,3,,,,,,,,,,,,,,
CEO,2,,2,,,,,,,,,,,,,,,
Member Of The Board Of Advisors,1,1,,,,,,,,,,,,,,,,
Development Team Lead,4,,,,,,,,,,4,,,,,,,
Senior DevOps,4,,,,,,,,,4,,,,,,,,
VP Sales,2,,,,,,,2,,,,,,,,,,
Account Manager,3,,,,,,,3,,,,,,,,,,
Advisor,3,,,3,,,,,,,,,,,,,,
Board Member,1,1,,,,,,,,,,,,,,,,
"Director, Sales",3,,,,,,,3,,,,,,,,,,
Director Institutional Sales,3,,,,,,,3,,,,,,,,,,
Business Development,5,,,,,,,5,,,,,,,,,,
Mid-Market Business Development Representative,4,,,,,,,4,,,,,,,,,,
"Director, Marketing and Communications",3,,,,,,3,,,,,,,,,,,
CTO,2,,2,,,,,,,,,,,,,,,
Customer Success Manager,3,,,,,,,,3,,,,,,,,,
"Director, People & Culture",3,,,3,,,,,,,,,,,,,,
Sales Development Representative,5,,,,,,,5,,,,,,,,,,
Lead Data Scientist,4,,,,,,,,,,4,,,,,,,
Senior Executive Assistant,4,,,,,,4,,,,,,,,,,,
Marketing and Communications Coordinator,5,,,,,,5,,,,,,,,,,,
Software Development Intern,5,,,,,,,,,,5,,,,,,,
Sales Development Representative,5,,,,,,,5,,,,,,,,,,
Data Engineer,5,,,,,,,,,5,,,,,,,,
Inside Sales,5,,,,,,,5,,,,,,,,,,
Developer,5,,,,,,,,,,5,,,,,,,
Software Developer,5,,,,,,,,,,5,,,,,,,
UI Designer,5,,,,,,5,,,,,,,,,,,
UX Designer,5,,,,,,5,,,,,,,,,,,
Client Services,5,,,,,,,,5,,,,,,,,,
Software Engineer,5,,,,,,,,,,5,,,,,,,
Software Developer,5,,,,,,,,,,5,,,,,,,
Head of Design,3,,,,,,3,,,,,,,,,,,
Full Stack Software Developer,5,,,,,,,,,,5,,,,,,,
Software Development Team Lead,4,,,,,,,,,4,,,,,,,,
VP Inside Sales,2,,,,,,,2,,,,,,,,,,
Director of Sales Operations,3,,,,,,,3,,,,,,,,,,
Sales Engineering,3,,,,,,,3,,,,,,,,,,
Advisor,3,,,3,,,,,,,,,,,,,,
"VP, Engineering and Services",2,,,,,,,,,2,,,,,,,,
Account Executive,5,,,,,,,5,,,,,,,,,,
Sales Operations Manager,3,,,,,,,3,,,,,,,,,,
Senior Mid-Market Account Executive,4,,,,,,,4,,,,,,,,,,
Business Development,5,,,,,,,5,,,,,,,,,,
CMO,2,,2,,,,,,,,,,,,,,,
Board member,1,1,,,,,,,,,,,,,,,,
Board Observer,1,1,,,,,,,,,,,,,,,,
Board of Advisors,1,1,,,,,,,,,,,,,,,,
Senior Business Development Representative,4,,,,,,,4,,,,,,,,,,
Board Member,1,1,,,,,,,,,,,,,,,,
Founder,1,1,,,,,,,,,,,,,,,,
CEO,2,,2,,,,,,,,,,,,,,,
Senior Software Engineer,4,,,,,,,,,,4,,,,,,,
Chief Marketing Officer,2,,2,,,,,,,,,,,,,,,
Founder,1,1,,,,,,,,,,,,,,,,
Chief Product Officer,2,,2,,,,,,,,,,,,,,,
Business Development Representative,5,,,,,,,5,,,,,,,,,,
Director of Alliances,3,,,3,,,,,,,,,,,,,,
Mid-Market Business Development Representative,4,,,,,,,4,,,,,,,,,,
Head Of Professional Services,3,,,3,,,,,,,,,,,,,,
IT Support Associate,5,,,,,,,,,5,,,,,,,,
Customer Engagement,5,,,5,,,,,,,,,,,,,,
Customer Success Manager,3,,,,,,,,3,,,,,,,,,
Business Development Representative,5,,,,,,,5,,,,,,,,,,
"VP, People Operations",2,,,,,,2,,,,,,,,,,,
Marketing Campaigns Associate,5,,,,,,5,,,,,,,,,,,
Business Development Representative,5,,,,,,,5,,,,,,,,,,
Sales Director,3,,,,,,,3,,,,,,,,,,
CFO,2,,2,,,,,,,,,,,,,,,
"General Manager, Slate",3,,,,,,3,,,,,,,,,,,
CTO,2,,2,,,,,,,,,,,,,,,
Events Manager,5,,,5,,,,,,,,,,,,,,
Customer Marketing,3,,,,,,3,,,,,,,,,,,
Customer Success Account Manager,3,,,,,,,,3,,,,,,,,,
Business Manager,3,,,,,,3,,,,,,,,,,,
Manager Staffing,3,,,,,,,,,,,3,,,,,,
Manager Recruiting,3,,,,,,,,,,,3,,,,,,
Account Executive,5,,,,,,,5,,,,,,,,,,
Customer Success Manager,3,,,,,,,,3,,,,,,,,,
Business Development,5,,,,,,,5,,,,,,,,,,
Account Executive,5,,,,,,,5,,,,,,,,,,
Customer Analytics,5,,,,,,,,,5,,,,,,,,
Engagement Consultant,5,,,,,,,5,,,,,,,,,,
Events Manager,3,,,3,,,,,,,,,,,,,,
Customer Marketing,3,,,,,,3,,,,,,,,,,,
Customer Success Account Manager,3,,,,,,,,3,,,,,,,,,
Business Development Representative,5,,,,,,,5,,,,,,,,,,
Business Manager Staffing,3,,,,,,3,,,,,,,,,,,
Recruiting,5,,,,,,,,,,,5,,,,,,
Customer Success Manager,3,,,,,,,,3,,,,,,,,,
Account Executive,5,,,,,,,5,,,,,,,,,,
Business Development,5,,,,,,,5,,,,,,,,,,
Account Executive,5,,,,,,,5,,,,,,,,,,
Head of Business Development ,3,,,,,,,3,,,,,,,,,,
Strategic Partnerships,3,,,,,,,,,,,,3,,,,,
Sales Director,3,,,,,,,3,,,,,,,,,,
Business Development Representative,5,,,,,,,5,,,,,,,,,,
Business Development Manager,3,,,,,,,3,,,,,,,,,,
Business Development Representative,5,,,,,,,5,,,,,,,,,,
"Director, Account-Based Marketing",3,,,,,,3,,,,,,,,,,,
IT Manager,3,,,,,,,,,3,,,,,,,,
DevOps Manager,3,,,,,,,,,3,,,,,,,,
Talent Acquisition,5,,,,,,,,,,,5,,,,,,
Director of Sales Operations,3,,,,,,,3,,,,,,,,,,
Director of Sales Engineering ,3,,,,,,,3,,,,,,,,,,
Staff Accountant,5,,,,5,,,,,,,,,,,,,
Director of Engineering,3,,,,,,,,,3,,,,,,,,
Senior Customer Success Manager,4,,,,,,,,4,,,,,,,,,
Director Of Engineering,3,,,,,,,,,3,,,,,,,,
Account Executive,5,,,,,,,5,,,,,,,,,,
Sr. Manager Customer Enablement,4,,,,,,,4,,,,,,,,,,
Senior Marketing Operations Manager,4,,,,,,4,,,,,,,,,,,
Sales Training,5,,,,,,,5,,,,,,,,,,
Director of Marketing Communications,3,,,,,,3,,,,,,,,,,,
Business Development,5,,,,,,,5,,,,,,,,,,
Senior Director of Sales,3,,,,,,,3,,,,,,,,,,
Sales Director,3,,,,,,,3,,,,,,,,,,
Senior Customer Success Manager,4,,,,,,,,4,,,,,,,,,
Mid Market Business Development,4,,,,,,,4,,,,,,,,,,
Sales Engineer,5,,,,,,,5,,,,,,,,,,
Software Architect,5,,,,,,,,,,5,,,,,,,
Software Engineer,5,,,,,,,,,,5,,,,,,,
Customer Success Manager,5,,,,,,,,5,,,,,,,,,
Product Manager,3,,,,,3,,,,,,,,,,,,
Director of Product Management,3,,,,,3,,,,,,,,,,,,
Staffing Program Success Manager,3,,,,,,,3,,,,,,,,,,
"Senior Software Engineer, Team Lead",4,,,,,,,,,,4,,,,,,,
Account Executive,5,,,,,,,5,,,,,,,,,,
Marketing Operations Specialist,4,,,,,,4,,,,,,,,,,,
Director of Customer Success Operations,3,,,,,,,,3,,,,,,,,,
Senior Customer Success Manager,4,,,,,,,,4,,,,,,,,,
Software Engineer,5,,,,,,,,,,5,,,,,,,
Business Development Manager,3,,,,,,,3,,,,,,,,,,
Director of Technical Support,3,,,3,,,,,,,,,,,,,,
Senior Implementation Manager,4,,,,,4,,,,,,,,,,,,
Senior Accountant,4,,,,4,,,,,,,,,,,,,
HR Generalist,5,,,,,,,,,,,5,,,,,,
Software Engineer,5,,,,,,,,,,5,,,,,,,
Software Engineer,5,,,,,,,,,,5,,,,,,,
Sales Engineer,5,,,,,,,5,,,,,,,,,,
Software Engineer ,5,,,,,,,,,,5,,,,,,,
Product Support Associate,3,,,,,,,,3,,,,,,,,,
Customer Success Manager,3,,,,,,,,3,,,,,,,,,
Product Support Associate,3,,,3,,,,,,,,,,,,,,
Senior Product Designer,4,,,,,,4,,,,,,,,,,,
Business Development Representative,5,,,,,,,5,,,,,,,,,,
Product,5,,,5,,,,,,,,,,,,,,
Analytics,5,,,5,,,,,,,,,,,,,,
Director of Strategic Finance & Operations,3,,,,3,,,,,,,,,,,,,
Board of Directors Member,1,1,,,,,,,,,,,,,,,,
Vice President,2,,2,,,,,,,,,,,,,,,
Head of Platform,3,,3,,,,,,,,,,,,,,,
Vice President of Sales,2,,,,,,,2,,,,,,,,,,
DevOps Engineer,5,,,,,,,,,5,,,,,,,,
Director of Product,3,,,3,,,,,,,,,,,,,,
Board Observer,1,1,,,,,,,,,,,,,,,,
Investor,1,,,,,,,,,,,,,,1,,,
Board Of Directors,1,1,,,,,,,,,,,,,,,,
Product Designer,3,,,,,,3,,,,,,,,,,,
Director of Customer Success,3,,,,,,,,3,,,,,,,,,
Board Observer,1,1,,,,,,,,,,,,,,,,
Seed Investor,4,,,,,,,,,,,,,,4,,,
Office and Operations Manager,3,,,,,3,,,,,,,,,,,,
System Operations Engineer,5,,,,,,,,,5,,,,,,,,
Lead Applications Engineer,4,,,,,,,,,4,,,,,,,,
VP Business Development,2,,,,,,,2,,,,,,,,,,
Lead Platform Engineer,4,,,,,,,,,4,,,,,,,,
Customer Support Manager,5,,,,,,,5,,,,,,,,,,
Chief Editor,3,,,3,,,,,,,,,,,,,,
Sr. Program Manager,3,,,,,3,,,,,,,,,,,,
Program Manager,5,,,,,5,,,,,,,,,,,,
Program Manager,5,,,,,5,,,,,,,,,,,,
Technical Project Manager,3,,,,,3,,,,,,,,,,,,
Product Designer,3,,,,,,3,,,,,,,,,,,
VP of Operations,2,,,2,,,,,,,,,,,,,,
Board Member,1,1,,,,,,,,,,,,,,,,
CEO,2,,2,,,,,,,,,,,,,,,
VP of Sales,2,,,,,,,2,,,,,,,,,,
Senior Software Engineer,4,,,,,,,,,,4,,,,,,,
"VP, Partnerships",2,,,,,,,,,,,,2,,,,,
Senior Software Engineer,4,,,,,,,,,,4,,,,,,,
CTO,2,,2,,,,,,,,,,,,,,,
VP Business Development,2,,,,,,,2,,,,,,,,,,
Director Of Engineering,3,,,,,,,,,3,,,,,,,,
Software Engineer,5,,,,,,,,,,5,,,,,,,
Product,5,,,,,,,5,,,,,,,,,,
Angel Investor,5,,,,,,,,,,,,,5,,,,
Executive Assistant to the CEO,3,,3,,,,,,,,,,,,,,,
Software Engineer,5,,,,,,,,,,5,,,,,,,
Business Development,5,,,,,,,5,,,,,,,,,,
Software Architect,5,,,,,,,,,,5,,,,,,,
Director of Engineering,3,,,,,,,,,3,,,,,,,,
Board of Directors,1,1,,,,,,,,,,,,,,,,
Director of Sales,3,,,,,,,3,,,,,,,,,,
Business Development,5,,,,,,,5,,,,,,,,,,
Senior Software Engineer,4,,,,,,,,,,4,,,,,,,
Customer Success Manager,5,,,,,,,,5,,,,,,,,,
Sr. Account Executive,3,,,,,,,3,,,,,,,,,,
Customer Success Manager,5,,,,,,,,5,,,,,,,,,
Senior Devops,4,,,,,,,,,4,,,,,,,,
Python Cloud Engineer,5,,,,,,,,,,5,,,,,,,
Member Board of Directors,1,1,,,,,,,,,,,,,,,,
CEO,2,,2,,,,,,,,,,,,,,,
Vice President Marketing,2,,,,,,2,,,,,,,,,,,
Chief Product Officer,2,,2,,,,,,,,,,,,,,,
CTO,2,,2,,,,,,,,,,,,,,,
Sales Operations Analyst,5,,,,,,,5,,,,,,,,,,
VP of WW Sales,2,,,,,,,2,,,,,,,,,,
Founder,1,1,,,,,,,,,,,,,,,,
Sr. Regional Sales Manager,3,,,,,,,3,,,,,,,,,,
Product Manager,3,,,,,3,,,,,,,,,,,,
Strategic Account Executive,5,,,5,,,,,,,,,,,,,,
Director of Engineering,3,,,,,,,,,3,,,,,,,,
Founding Head,1,1,,,,,,,,,,,,,,,,
"Sr. Manager, Web Development",3,,,,,,,,,,3,,,,,,,
IT Operations Manager,3,,,,,,,,,3,,,,,,,,
Director Product Management,3,,,,,3,,,,,,,,,,,,
"Manager, Customer Success",3,,,,,,,,3,,,,,,,,,
Director of Finance,3,,,,3,,,,,,,,,,,,,
"Vice President, Customer Operations",2,,,,,,,2,,,,,,,,,,
Director of Content,3,,,3,,,,,,,,,,,,,,
Sales,5,,,,,,,5,,,,,,,,,,
Software Engineer,5,,,,,,,,,,5,,,,,,,
"Director, Solutions Architecture",5,,,,,,,,,,5,,,,,,,
Head Of Design,3,,,,,,3,,,,,,,,,,,
Senior Software Engineer,4,,,,,,,,,,4,,,,,,,
Designer,5,,,,,,5,,,,,,,,,,,
Lead Interaction Designer,4,,,,,,4,,,,,,,,,,,
Customer Success Manager,3,,,,,,,,3,,,,,,,,,
Board Member,1,1,,,,,,,,,,,,,,,,
QA Engineer,5,,,,,,,,,5,,,,,,,,
Customer Success,5,,,,,,,,5,,,,,,,,,
Software Engineer,5,,,,,,,,,,5,,,,,,,
Sales Operations Assistant,5,,,,,,,5,,,,,,,,,,
Lead Generation,4,,,4,,,,,,,,,,,,,,
 Developer,5,,,,,,,,,,5,,,,,,,
Office Manager,3,,,,,3,,,,,,,,,,,,
Customer Operations,5,,,,,,,5,,,,,,,,,,
Content Marketing Intern,5,,,,,,5,,,,,,,,,,,
Software Developer,5,,,,,,,,,,5,,,,,,,
Designer,5,,,,,,5,,,,,,,,,,,
Backend Developer,5,,,,,,,,,,5,,,,,,,
Senior Software Engineer,4,,,,,,,,,,4,,,,,,,
HR Advising Partner,5,,,,,,,,,,,5,,,,,,
HR,5,,,,,,,,,,,5,,,,,,
HR,5,,,,,,,,,,,5,,,,,,
HR,5,,,,,,,,,,,5,,,,,,
HR,5,,,,,,,,,,,5,,,,,,
HR,5,,,,,,,,,,,5,,,,,,
HR,5,,,,,,,,,,,5,,,,,,
HR,5,,,,,,,,,,,5,,,,,,
HR,5,,,,,,,,,,,5,,,,,,
HR,5,,,,,,,,,,,5,,,,,,
Board Member,1,1,,,,,,,,,,,,,,,,
Investor,1,,,,,,,,,,,,,,1,,,
CTO,2,,2,,,,,,,,,,,,,,,
Board Member,1,1,,,,,,,,,,,,,,,,
Founding Investor (Led Seed Investment),1,,,,,,,,,,,,,,1,,,
Software Engineer,5,,,,,,,,,,5,,,,,,,
Software Developer,5,,,,,,,,,,5,,,,,,,
VP Marketing,2,,,,,,2,,,,,,,,,,,
Co Founder,1,1,,,,,,,,,,,,,,,,
Software Developer,5,,,,,,,,,,5,,,,,,,
Vice President of Engineering,2,,,,,,,,,2,,,,,,,,
Product Designer,3,,,,,,3,,,,,,,,,,,
Technical Product Manager,3,,,,,3,,,,,,,,,,,,
Product Engineer,3,,,,,,,,,3,,,,,,,,
Software Developer,5,,,,,,,,,,5,,,,,,,
Software Developer,5,,,,,,,,,,5,,,,,,,
Software Developer,5,,,,,,,,,,5,,,,,,,
Product Designer,5,,,,,,5,,,,,,,,,,,
Customer Success Specialist,4,,,,,,,,4,,,,,,,,,
Data Engineer,5,,,,,,,,,5,,,,,,,,
Product Engineer,3,,,,,,,,,3,,,,,,,,
Developer,5,,,,,,,,,,5,,,,,,,
Software Developer,5,,,,,,,,,,5,,,,,,,
Product Designer,3,,,,,,3,,,,,,,,,,,
Customer Success,5,,,,,,,,5,,,,,,,,,
Customer Success Specialist,4,,,,,,,,4,,,,,,,,,
Office Manager,3,,,,,3,,,,,,,,,,,,
Investor,1,,,,,,,,,,,,,,1,,,
Investor,1,,,,,,,,,,,,,,1,,,
Investor,1,,,,,,,,,,,,,,1,,,
Investor,1,,,,,,,,,,,,,,1,,,
Investor,1,,,,,,,,,,,,,,1,,,
Investor,1,,,,,,,,,,,,,,1,,,
Investor,1,,,,,,,,,,,,,,1,,,
Investor,1,,,,,,,,,,,,,,1,,,
Investor,1,,,,,,,,,,,,,,1,,,
Owner,1,,,,,,,,,,,,,,1,,,
Owner,1,,,,,,,,,,,,,,1,,,
Owner,1,,,,,,,,,,,,,,1,,,
Owner,1,,,,,,,,,,,,,,1,,,
Owner,1,,,,,,,,,,,,,,1,,,
Owner,1,,,,,,,,,,,,,,1,,,
Owner,1,,,,,,,,,,,,,,1,,,
Owner,1,,,,,,,,,,,,,,1,,,
implementation,3,,,,,3,,,,,,,,,,,,
product,5,,,,,5,,,,,,,,,,,,
product,5,,,,,5,,,,,,,,,,,,
product,5,,,,,5,,,,,,,,,,,,
product,5,,,,,5,,,,,,,,,,,,
product,5,,,,,5,,,,,,,,,,,,
product,5,,,,,5,,,,,,,,,,,,
product,5,,,,,5,,,,,,,,,,,,
product,5,,,,,5,,,,,,,,,,,,
product,5,,,,,5,,,,,,,,,,,,
product,5,,,,,5,,,,,,,,,,,,
product,5,,,,,5,,,,,,,,,,,,
product,5,,,,,5,,,,,,,,,,,,
product support,3,,,,,,,,3,,,,,,,,,
product support,3,,,,,,,,3,,,,,,,,,
product support,3,,,,,,,,3,,,,,,,,,
product support,3,,,,,,,,3,,,,,,,,,
product support,3,,,,,,,,3,,,,,,,,,
product support,3,,,,,,,,3,,,,,,,,,
product support,3,,,,,,,,3,,,,,,,,,
product support,3,,,,,,,,3,,,,,,,,,
product support,3,,,,,,,,3,,,,,,,,,
product support,3,,,,,,,,3,,,,,,,,,
Finance,5,,,,5,,,,,,,,,,,,,
Finance,5,,,,5,,,,,,,,,,,,,
Finance,5,,,,5,,,,,,,,,,,,,
Finance,5,,,,5,,,,,,,,,,,,,
Finance,5,,,,5,,,,,,,,,,,,,
Finance,5,,,,5,,,,,,,,,,,,,
Finance,5,,,,5,,,,,,,,,,,,,
Finance,5,,,,5,,,,,,,,,,,,,
Finance,5,,,,5,,,,,,,,,,,,,
Finance,5,,,,5,,,,,,,,,,,,,
Finance,5,,,,5,,,,,,,,,,,,,
Finance,5,,,,5,,,,,,,,,,,,,
Finance,5,,,,5,,,,,,,,,,,,,
Head of Fundraising,3,,,,3,,,,,,,,,,,,,
Head of Fundraising,3,,,,3,,,,,,,,,,,,,
Head of Fundraising,3,,,,3,,,,,,,,,,,,,
Head of Fundraising,3,,,,3,,,,,,,,,,,,,
Head of Fundraising,3,,,,3,,,,,,,,,,,,,
Head of Fundraising,3,,,,3,,,,,,,,,,,,,
Head of Fundraising,3,,,,3,,,,,,,,,,,,,
Head of Fundraising,3,,,,3,,,,,,,,,,,,,
partner,3,,,,,,,,,,,,3,,,,,
partner,3,,,,,,,,,,,,3,,,,,
partner,3,,,,,,,,,,,,3,,,,,
partner,3,,,,,,,,,,,,3,,,,,
partner,3,,,,,,,,,,,,3,,,,,
partner,3,,,,,,,,,,,,3,,,,,
partner,3,,,,,,,,,,,,3,,,,,
strategic partnerships,3,,,,,,,,,,,,3,,,,,
Partnerships,3,,,,,,,,,,,,3,,,,,
strategic partnerships,3,,,,,,,,,,,,3,,,,,
Partnerships,3,,,,,,,,,,,,3,,,,,
strategic partnerships,3,,,,,,,,,,,,3,,,,,
Partnerships,3,,,,,,,,,,,,3,,,,,
strategic partnerships,3,,,,,,,,,,,,3,,,,,
Partnerships,3,,,,,,,,,,,,3,,,,,
strategic partnerships,3,,,,,,,,,,,,3,,,,,
Partnerships,3,,,,,,,,,,,,3,,,,,
strategic partnerships,3,,,,,,,,,,,,3,,,,,
Partnerships,3,,,,,,,,,,,,3,,,,,
strategic partnerships,3,,,,,,,,,,,,3,,,,,
Partnerships,3,,,,,,,,,,,,3,,,,,
strategic partnerships,3,,,,,,,,,,,,3,,,,,
Partnerships,3,,,,,,,,,,,,3,,,,,
talent acquistion sourcer,5,,,,,,,,,,,5,,,,,,
career agent,5,,,,,,,,,,,5,,,,,,
financial advisors,5,,,,5,,,,,,,,,,,,,
customer solutions expert,5,,,,,,,,5,,,,,,,,,
chief talent officer,2,,2,,,,,,,,,,,,,,,
head of internal tools,3,,,,,,,,,3,,,,,,,,
data protection officer,3,,,3,,,,,,,,,,,,,,
web developer,5,,,,,,,,,,5,,,,,,,
recruiter,4,,,,,,,,,,,4,,,,,,
recruiter,4,,,,,,,,,,,4,,,,,,
recruiter,4,,,,,,,,,,,4,,,,,,
recruiter,4,,,,,,,,,,,4,,,,,,
recruiter,4,,,,,,,,,,,4,,,,,,
it administrator,5,,,,,,,,,5,,,,,,,,
helpdesk analyst,5,,,,,,,,5,,,,,,,,,
helpdesk analyst,5,,,,,,,,5,,,,,,,,,
help desk analyst,5,,,,,,,,5,,,,,,,,,
head of architecture,3,,,,,,,,,,3,,,,,,,
organizational leader,4,,,,,,4,,,,,,,,,,,
help desk analyst,5,,,,,,,5,,,,,,,,,,
ios and android,5,,,,,,,,,,5,,,,,,,
mobile engineering,5,,,,,,,,,,5,,,,,,,
corporate banking,5,,,,5,,,,,,,,,,,,,
consultant in assurance and advisory business services,5,,,,,,,,5,,,,,,,,,
accountant,5,,,,5,,,,,,,,,,,,,
data warehouse developer,5,,,,,,,,,,5,,,,,,,
data warehouse team lead,4,,,,,,,,,,4,,,,,,,
development manager,3,,,,,,3,,,,,,,,,,,
back-end developer,5,,,,,,,,,,5,,,,,,,
front-end developer,5,,,,,,,,,,5,,,,,,,
partnership manager,3,,,,,,,,,,,,3,,,,,
partnership manager,3,,,,,,,,,,,,3,,,,,
partnership manager,3,,,,,,,,,,,,3,,,,,
java programming,5,,,,,,,,,,5,,,,,,,
system architect,5,,,,,,,,,,5,,,,,,,
operations officer,5,,,5,,,,,,,,,,,,,,
information security manager,3,,,,,,,,,3,,,,,,,,
participant,5,,,,,,,,,,,,,5,,,,
participant,5,,,,,,,,,,,,,5,,,,
participant,5,,,,,,,,,,,,,5,,,,
participant,5,,,,,,,,,,,,,5,,,,
participant,5,,,,,,,,,,,,,5,,,,
participant,5,,,,,,,,,,,,,5,,,,
participant,5,,,,,,,,,,,,,5,,,,
participant,5,,,,,,,,,,,,,5,,,,
participant,5,,,,,,,,,,,,,5,,,,
participant,5,,,,,,,,,,,,,5,,,,
participant,5,,,,,,,,,,,,,5,,,,
software tester,5,,,,,,,,,5,,,,,,,,
tester,5,,,,,,,,,5,,,,,,,,
administrative assistant,5,,,5,,,,,,,,,,,,,,
administrative,5,,,5,,,,,,,,,,,,,,
administrative,5,,,5,,,,,,,,,,,,,,
import,5,,,,,,,5,,,,,,,,,,
administrative,5,,,5,,,,,,,,,,,,,,
qa,5,,,,,,,,,5,,,,,,,,
qa,5,,,,,,,,,5,,,,,,,,
qa,5,,,,,,,,,5,,,,,,,,
qa,5,,,,,,,,,5,,,,,,,,
software testing,5,,,,,,,,,5,,,,,,,,
software testing,5,,,,,,,,,5,,,,,,,,
software testing,5,,,,,,,,,5,,,,,,,,
tester,5,,,,,,,,,5,,,,,,,,
analyst programmer,5,,,,,,,,,,5,,,,,,,
analyst programmer,5,,,,,,,,,,5,,,,,,,
monitoring,5,,,,,,,,,5,,,,,,,,
monitoring,5,,,,,,,,,5,,,,,,,,
co-founder,1,1,,,,,,,,,,,,,,,,
accountant,5,,,,5,,,,,,,,,,,,,
accounting manager,3,,,,3,,,,,,,,,,,,,
accounting manager,3,,,,3,,,,,,,,,,,,,
accounting manager,3,,,,3,,,,,,,,,,,,,
controller,5,,,5,,,,,,,,,,,,,,
controller,5,,,5,,,,,,,,,,,,,,
controller,5,,,5,,,,,,,,,,,,,,
controller,5,,,5,,,,,,,,,,,,,,
chief accountant,3,,,,3,,,,,,,,,,,,,
chief accountant,3,,,,3,,,,,,,,,,,,,
product manager,3,,,,,3,,,,,,,,,,,,
it department,5,,,,,,,,,5,,,,,,,,
it department,5,,,,,,,,,5,,,,,,,,
it department,5,,,,,,,,,5,,,,,,,,
development group,5,,,,,,,,,,,5,,,,,,
development group,5,,,,,,,,,,,5,,,,,,
development group,5,,,,,,,,,,,5,,,,,,
development group,5,,,,,,,,,,,5,,,,,,
analyst,5,,,,,5,,,,,,,,,,,,
analyst,5,,,,,5,,,,,,,,,,,,
analyst,5,,,,,5,,,,,,,,,,,,
analyst,5,,,,,5,,,,,,,,,,,,
quality assurance release,5,,,,,5,,,,,,,,,,,,
quality assurance release,5,,,,,5,,,,,,,,,,,,
quality assurance release,5,,,,,5,,,,,,,,,,,,
quality assurance release,5,,,,,5,,,,,,,,,,,,
program,5,,,,,5,,,,,,,,,,,,
program,5,,,,,5,,,,,,,,,,,,
program,5,,,,,5,,,,,,,,,,,,
web analyst,5,,,,,,,,,5,,,,,,,,
web-analyst,5,,,,,,,,,5,,,,,,,,
web analyst,5,,,,,,,,,5,,,,,,,,
web-analyst,5,,,,,,,,,5,,,,,,,,
php developer,5,,,,,,,,,,5,,,,,,,
php developer,5,,,,,,,,,,5,,,,,,,
partnership,5,,,,,,,,,,,,5,,,,,
infrastructure,5,,,,,,,,,5,,,,,,,,
infrastructure,5,,,,,,,,,5,,,,,,,,
infrastructure,5,,,,,,,,,5,,,,,,,,
co-fundador,1,1,,,,,,,,,,,,,,,,
customer strategies,5,,,,,,5,,,,,,,,,,,
division (customer strategies),5,,,,,,5,,,,,,,,,,,
division (customer strategies),5,,,,,,5,,,,,,,,,,,
division customer strategies,5,,,,,,5,,,,,,,,,,,
division customer strategies,5,,,,,,5,,,,,,,,,,,
customer strategies,5,,,,,,5,,,,,,,,,,,
customer strategies,5,,,,,,5,,,,,,,,,,,
customer strategies,5,,,,,,5,,,,,,,,,,,
media,5,,,,,,5,,,,,,,,,,,
media department,5,,,,,,5,,,,,,,,,,,
media department,5,,,,,,5,,,,,,,,,,,
media,5,,,,,,5,,,,,,,,,,,
media,5,,,,,,5,,,,,,,,,,,
media,5,,,,,,5,,,,,,,,,,,
media,5,,,,,,5,,,,,,,,,,,
business intelligence,5,,,,5,,,,,,,,,,,,,
business intelligence,5,,,,5,,,,,,,,,,,,,
human resources,5,,,,,,,,,,,5,,,,,,
ecommerce committee,5,,,5,,,,,,,,,,,,,,
international affairs,5,,,5,,,,,,,,,,,,,,
international affairs,5,,,5,,,,,,,,,,,,,,
executive,5,,,5,,,,,,,,,,,,,,
executive,5,,,5,,,,,,,,,,,,,,
executive,5,,,5,,,,,,,,,,,,,,
executive,5,,,5,,,,,,,,,,,,,,
executive,5,,,5,,,,,,,,,,,,,,
executive,5,,,5,,,,,,,,,,,,,,
executive,5,,,5,,,,,,,,,,,,,,
executive,5,,,5,,,,,,,,,,,,,,
product development,5,,,,,5,,,,,,,,,,,,
product development,5,,,,,5,,,,,,,,,,,,
it analyst,5,,,,,,,,,5,,,,,,,,
it analyst,5,,,,,,,,,5,,,,,,,,
acquisition,5,,,,,,,5,,,,,,,,,,
it specialist,4,,,,,,,,,4,,,,,,,,
it,5,,,,,,,,,5,,,,,,,,
web editor,5,,,,,,,,,5,,,,,,,,
web-editor,5,,,,,,,,,5,,,,,,,,
webmaster,5,,,,,,,,,,5,,,,,,,
web-master,5,,,,,,,,,,5,,,,,,,
web master,5,,,,,,,,,,5,,,,,,,
web product,5,,,,,5,,,,,,,,,,,,
web product,5,,,,,5,,,,,,,,,,,,
it,5,,,,,,,,,5,,,,,,,,
it,5,,,,,,,,,5,,,,,,,,
it,5,,,,,,,,,5,,,,,,,,
it,5,,,,,,,,,5,,,,,,,,
it,5,,,,,,,,,5,,,,,,,,
it,5,,,,,,,,,5,,,,,,,,
business analyst,5,,,,5,,,,,,,,,,,,,
business analyst,5,,,,5,,,,,,,,,,,,,
business analyst,5,,,,5,,,,,,,,,,,,,
business analyst,5,,,,5,,,,,,,,,,,,,
business analyst,5,,,,5,,,,,,,,,,,,,
business analyst,5,,,,5,,,,,,,,,,,,,
business analyst,5,,,,5,,,,,,,,,,,,,
business analyst,5,,,,5,,,,,,,,,,,,,
engagement analyst,5,,,5,,,,,,,,,,,,,,
engagement analyst,5,,,5,,,,,,,,,,,,,,
engagement analyst,5,,,5,,,,,,,,,,,,,,
engagement analyst,5,,,5,,,,,,,,,,,,,,
engagement analyst,5,,,5,,,,,,,,,,,,,,
sap,5,,,,5,,,,,,,,,,,,,
sap,5,,,,5,,,,,,,,,,,,,
data analyst,5,,,,,,,,,,5,,,,,,,
helpdesk technician,5,,,,,,,,5,,,,,,,,,
translator,5,,,,,,,,,,,,,5,,,,
translator,5,,,,,,,,,,,,,5,,,,
translator,5,,,,,,,,,,,,,5,,,,
translator,5,,,,,,,,,,,,,5,,,,
revenue planning,5,,,,5,,,,,,,,,,,,,
team manager,3,,,3,,,,,,,,,,,,,,
platform product,3,,,3,,,,,,,,,,,,,,
platform product,3,,,3,,,,,,,,,,,,,,
platform product,3,,,3,,,,,,,,,,,,,,
platform product,3,,,3,,,,,,,,,,,,,,
platform product,3,,,3,,,,,,,,,,,,,,
platform product,3,,,3,,,,,,,,,,,,,,
platform product,3,,,3,,,,,,,,,,,,,,
acquisition team,5,,,,,,,5,,,,,,,,,,
oracle database,5,,,,,,,,,,5,,,,,,,
database,5,,,,,,,,,,5,,,,,,,
build and deployment,5,,,,,,,,,,,5,,,,,,
technical support,5,,,,,,5,,,,,,,,,,,
technology wizard,5,,,,,,,,,5,,,,,,,,
service desk,5,,,,,,,,5,,,,,,,,,
scientist,5,,,,,,,,,,,,,5,,,,
scientist,5,,,,,,,,,,,,,5,,,,
scientist,5,,,,,,,,,,,,,5,,,,
scientist,5,,,,,,,,,,,,,5,,,,
contract based,5,,,,,,,,,,,,,5,,,,
experienced it,5,,,,,,,,,5,,,,,,,,
data platform developer,5,,,,,,,,,,5,,,,,,,
data platform developer,5,,,,,,,,,,5,,,,,,,
data platform developer,5,,,,,,,,,,5,,,,,,,
data platform developer,5,,,,,,,,,,5,,,,,,,
data platform developer,5,,,,,,,,,,5,,,,,,,
conscript,5,,,,,,,,,,,,,5,,,,
conscript,5,,,,,,,,,,,,,5,,,,
conscript,5,,,,,,,,,,,,,5,,,,
conscript,5,,,,,,,,,,,,,5,,,,
conscript,5,,,,,,,,,,,,,5,,,,
conscript,5,,,,,,,,,,,,,5,,,,
communication channels,5,,,,,,5,,,,,,,,,,,
freelancer,5,,,,,,,,,,,,,5,,,,
apprentice,5,,,,,,,,,,,,,5,,,,
apprentice,5,,,,,,,,,,,,,5,,,,
apprentice,5,,,,,,,,,,,,,5,,,,
apprentice,5,,,,,,,,,,,,,5,,,,
director,5,,,,,,,,,,,,,5,,,,
video editor,5,,,,,,5,,,,,,,,,,,
test automation,5,,,,,,,,,5,,,,,,,,
test tooling,5,,,,,,,,,5,,,,,,,,
internal tools development,5,,,,,,,,,,5,,,,,,,
system analyst,5,,,,,,,,,5,,,,,,,,
video artist,5,,,,,,5,,,,,,,,,,,
technical writer,5,,,,,,,,,5,,,,,,,,
business process,5,,,,5,,,,,,,,,,,,,
cio,2,,2,,,,,,,,,,,,,,,
e-commerce,5,,,,,,,5,,,,,,,,,,
official reseller,5,,,,,,,5,,,,,,,,,,
english teacher,5,,,,,,,,,,,,,5,,,,
visiting lecturer,5,,,,,,,,,,,,,5,,,,
translator,5,,,,,,,,,,,,,5,,,,
lecturer,5,,,,,,,,,,,,,5,,,,
recruitment coordinator,5,,,,,,,,,,,5,,,,,,
retail,5,,,,,,,5,,,,,,,,,,
it manager,3,,,,,,,,,3,,,,,,,,
it,5,,,,,,,,,5,,,,,,,,
executive recruiter,5,,,,,,,,,,,5,,,,,,
major account executive,3,,,,3,,,,,,,,,,,,,
recruitment consultant,5,,,,,,,,,,,5,,,,,,
customer advocate,5,,,,,,,,,,,,,5,,,,
customer advocate,5,,,,,,,,,,,,,5,,,,
customer advocate,5,,,,,,,,,,,,,5,,,,
customer advocate,5,,,,,,,,,,,,,5,,,,
customer advocate,5,,,,,,,,,,,,,5,,,,
recruitment/hr,5,,,,,,,,,,,5,,,,,,
hr/recruiment,5,,,,,,,,,,,5,,,,,,
technical staffing consultant,5,,,,,,,,,,,5,,,,,,
staffing consultant,5,,,,,,,,,,,5,,,,,,
technology,5,,,,,,,,,5,,,,,,,,
principal program,5,,,,,5,,,,,,,,,,,,
lecture,5,,,,,,,,,,,,,5,,,,
postgresql,5,,,,,,,,,,5,,,,,,,
programmer,5,,,,,,,,,,5,,,,,,,
trainee,5,,,,,,,,,,,,,5,,,,
trainee,5,,,,,,,,,,,,,5,,,,
trainee,5,,,,,,,,,,,,,5,,,,
trainee,5,,,,,,,,,,,,,5,,,,
trainee,5,,,,,,,,,,,,,5,,,,
trainee,5,,,,,,,,,,,,,5,,,,
trainee,5,,,,,,,,,,,,,5,,,,
trainee,5,,,,,,,,,,,,,5,,,,
trainee,5,,,,,,,,,,,,,5,,,,
trainee,5,,,,,,,,,,,,,5,,,,
trainee,5,,,,,,,,,,,,,5,,,,
trainee,5,,,,,,,,,,,,,5,,,,
trainee,5,,,,,,,,,,,,,5,,,,
trainee,5,,,,,,,,,,,,,5,,,,
trainee,5,,,,,,,,,,,,,5,,,,
online casting producer,5,,,,,,,,,,,,,5,,,,
video producer,5,,,,,,5,,,,,,,,,,,
skimm'bassador,5,,,,,,,,,,,,,5,,,,
various,5,,,,,,,,,,,,,5,,,,
various,5,,,,,,,,,,,,,5,,,,
recruitment,5,,,,,,,,,,,5,,,,,,
various,5,,,,,,,,,,,,,5,,,,
Technical Support Engineer,5,,,,,,,,,,5,,,,,,,
assistant principal,5,,,5,,,,,,,,,,,,,,
curriculum supervisor,4,,,4,,,,,,,,,,,,,,
curriculum coordinator for mathematics,5,,,,,,,,,,,,,5,,,,
adjunct professor,5,,,,,,,,,,,,,5,,,,
field technical support,5,,,,,,,,5,,,,,,,,,
final master degree project,5,,,,,,,,,,,,,5,,,,
business operations,5,,,,5,,,,,,,,,,,,,
business operations,5,,,,5,,,,,,,,,,,,,
business operations,5,,,,5,,,,,,,,,,,,,
business operations,5,,,,5,,,,,,,,,,,,,
business operations,5,,,,5,,,,,,,,,,,,,
business operations,5,,,,5,,,,,,,,,,,,,
business operations,5,,,,5,,,,,,,,,,,,,
business operations,5,,,,5,,,,,,,,,,,,,
business operations,5,,,,5,,,,,,,,,,,,,
intern,5,,,,,,,,,,,,,5,,,,
intern,5,,,,,,,,,,,,,5,,,,
intern,5,,,,,,,,,,,,,5,,,,
intern,5,,,,,,,,,,,,,5,,,,
intern,5,,,,,,,,,,,,,5,,,,
intern,5,,,,,,,,,,,,,5,,,,
intern,5,,,,,,,,,,,,,5,,,,
area,5,,,,,,,,,,,,,5,,,,
area,5,,,,,,,,,,,,,5,,,,
area,5,,,,,,,,,,,,,5,,,,
area,5,,,,,,,,,,,,,5,,,,
area,5,,,,,,,,,,,,,5,,,,
area,5,,,,,,,,,,,,,5,,,,
area,5,,,,,,,,,,,,,5,,,,
wealth,5,,,,,,,,,,,,,5,,,,
database consultant,5,,,,,,,,,,5,,,,,,,
oracle dba,5,,,,,,,,,,5,,,,,,,
database administartor,5,,,,,,,,,,5,,,,,,,
cyber threat research,5,,,,,,,,,5,,,,,,,,
it security analyst,5,,,,,,,,,5,,,,,,,,
quality,5,,,,,5,,,,,,,,,,,,
database system coordinator,5,,,,,,,,,5,,,,,,,,
medical finance,5,,,,,,,,,,,,,5,,,,
medical,5,,,,,,,,,,,,,5,,,,
nurse,5,,,,,,,,,,,,,5,,,,
lead consultant,5,,,5,,,,,,,,,,,,,,
lead consultant,5,,,5,,,,,,,,,,,,,,
lead consultant,5,,,5,,,,,,,,,,,,,,
lead consultant,5,,,5,,,,,,,,,,,,,,
connection,5,,,,,,,,,5,,,,,,,,
professional services consultant,5,,,,,,,,5,,,,,,,,,
professional services consultant,5,,,,,,,,5,,,,,,,,,
professional services consultant,5,,,,,,,,5,,,,,,,,,
professional services consultant,5,,,,,,,,5,,,,,,,,,
technical consultant,5,,,,,,,,,5,,,,,,,,
technical consultant,5,,,,,,,,,5,,,,,,,,
technical consultant,5,,,,,,,,,5,,,,,,,,
technical consultant,5,,,,,,,,,5,,,,,,,,
technical consultant,5,,,,,,,,,5,,,,,,,,
web business,5,,,,,,,,,,5,,,,,,,
web business,5,,,,,,,,,,5,,,,,,,
web business,5,,,,,,,,,,5,,,,,,,
web business,5,,,,,,,,,,5,,,,,,,
web business,5,,,,,,,,,,5,,,,,,,
information risk analyst,5,,,,,,,,,5,,,,,,,,
volunteer,5,,,,,,,,,,,,,5,,,,
volunteer,5,,,,,,,,,,,,,5,,,,
volunteer,5,,,,,,,,,,,,,5,,,,
volunteer,5,,,,,,,,,,,,,5,,,,
volunteer,5,,,,,,,,,,,,,5,,,,
security analyst,5,,,,,,,,,5,,,,,,,,
website quality analyst,5,,,,,,,,,5,,,,,,,,
internship,5,,,,,,,,,,,,,5,,,,
internship,5,,,,,,,,,,,,,5,,,,
internship,5,,,,,,,,,,,,,5,,,,
internship,5,,,,,,,,,,,,,5,,,,
internship,5,,,,,,,,,,,,,5,,,,
branch,5,,,,,,,,,,,,,5,,,,
talent acquisition lead,5,,,,,,,,,,,5,,,,,,
operations analyst,5,,,,,,,5,,,,,,,,,,
operations associate,5,,,,,,,5,,,,,,,,,,
service & network operations,3,,,3,,,,,,,,,,,,,,
product analyst,5,,,,,5,,,,,,,,,,,,
partnership,3,,,,,,,,,,,,3,,,,,
partnership,3,,,,,,,,,,,,3,,,,,
partnership,3,,,,,,,,,,,,3,,,,,
partnership,3,,,,,,,,,,,,3,,,,,
partnership,3,,,,,,,,,,,,3,,,,,
verification researcher,5,,,,,,,,,5,,,,,,,,
product,5,,,,,5,,,,,,,,,,,,
guest coordinator,5,,,,,,,5,,,,,,,,,,
helpdesk,5,,,,,,,,5,,,,,,,,,
helpdesk,5,,,,,,,,5,,,,,,,,,
helpdesk,5,,,,,,,,5,,,,,,,,,
helpdesk,5,,,,,,,,5,,,,,,,,,
helpdesk,5,,,,,,,,5,,,,,,,,,
contractor,5,,,,,,,,,,,,,5,,,,
Contractor,5,,,,,,,,,,,,,5,,,,
Contractor,5,,,,,,,,,,,,,5,,,,
Contractor,5,,,,,,,,,,,,,5,,,,
estagi\u00e1rio administrativo,5,,,,,,,,,,,,,5,,,,
executive clothier,5,,,,,,,,,,,,,5,,,,
executive clothier,5,,,,,,,,,,,,,5,,,,
manager,3,,,,,,,,,,,,,3,,,,
lead of,4,,,,,,,,,,,,,4,,,,
Junior,5,,,,,,,,,,,,,5,,,,
Assistant,5,,,,,,,,,,,,,5,,,,
director,3,,,,,,,,,,,,,3,,,,
Vice President,2,,,,,,,,,,,,,2,,,,
Hostess,5,,,,,,,,,,,,,5,,,,
Account Assistant,5,,,,5,,,,,,,,,,,,,
student,5,,,,,,,,,,,,,5,,,,
student,5,,,,,,,,,,,,,5,,,,
student,5,,,,,,,,,,,,,5,,,,
student,5,,,,,,,,,,,,,5,,,,
Developer Platform Product Manager,3,,,,,,,,,,3,,,,,,,